x-Position,y-Position,Radius,NANOG,GATA6,Type
-8.389530223381199,-3.242771363646841,0.8242817596923541,3.81303446549812e-76,0.09881073500363843,N-G+
6.88869842802968,3.753627449670153,0.8436927099806444,0.09869232281942288,2.2027407877428933e-94,N+G-
-0.9947385359591862,7.390489189052622,0.7630916502451877,0.09902175536131748,5.503037638560272e-69,N+G-
1.0373076811976958,-4.547706208165796,0.8841739296882447,0.0989428518705759,8.37140266578788e-307,N+G-
2.5977706951810564,-3.9875872337144083,0.9406398119659152,7.947178746121045e-17,0.0988811716190544,N-G+
-4.07296609233634,0.16162584079540945,0.7011242658582418,7.616338148591181e-31,0.09886706229608123,N-G+
0.3651931337345334,-7.807178940401897,0.9218103147565866,4.966752075502259e-56,0.09880100920015024,N-G+
-0.20070752129714145,-1.861933158134892,0.8771669924809034,2.15088674186229e-26,0.09890663988600633,N-G+
3.6129644410585855,0.6524592719033674,0.9107874786593751,0.0988615398069461,1.3013513449338067e-242,N+G-
-0.6057259956173626,2.733664631763252,0.9565278160029588,1.298155256851775e-30,0.0988287849229352,N-G+
-3.1383471529666664,3.8723218681961518,0.7993728073040158,0.09881210444200954,0.0,N+G-
2.1522317871765493,6.195599525418437,0.932492055732294,0.09901791538440027,3.991252545176375e-27,N+G-
-7.285552440488818,-5.84202699478623,0.8496702758357622,1.9710752829570532e-100,0.09890592035634428,N-G+
-6.820049501995702,0.3609033683736392,0.8691344774664768,0.09912861627687276,1.3988215578416327e-188,N+G-
3.4856738125347837,-0.2449802603714581,0.8372516959637655,9.268862843213446e-58,0.0988766804587268,N-G+
3.6944796050553834,-6.787704271536567,0.9348402660996092,8.375461606011516e-34,0.09871657576089132,N-G+
-0.6594106940179069,5.436981720801146,0.8580501754060451,0.09890352497577036,2.1860558786226794e-45,N+G-
3.895881828585456,5.099243411404807,0.9485955526013,1.219248961155311e-64,0.09879749044280686,N-G+
-5.039986098419244,5.8313863809611535,0.9338716495311246,1.0081485834921876e-20,0.09881997913543032,N-G+
-1.1366543502892146,-3.3880658214529933,0.9160257540150294,0.09871001581438753,1.2896233620443704e-157,N+G-
2.0542081829268115,2.580421788404496,0.9094580221034952,0.0988653242455132,2.31604557064e-313,N+G-
-0.09324775191672086,-3.0364548987621363,0.900458142484982,0.09903696465183673,5.1966847015815385e-216,N+G-
8.236207877505564,-1.3338560712442342,0.950204359016937,3.773103756190007e-30,0.098896046004466,N-G+
-1.5848488265879603,7.014351991568017,0.6820188288964453,8.57713696195517e-65,0.09883133167544747,N-G+
-2.6502290335567062,-6.297021380596785,0.7816491517194365,0.09905244467296524,2.2579262247652514e-09,N+G-
-5.707042074193003,-4.898477049948707,0.8421298178878858,0.09908824283728512,1.988435346988894e-124,N+G-
1.6738363232071094,-1.2798823182164456,0.8924904861695501,0.09880922057632947,1.5928947231105473e-39,N+G-
-8.516396023688825,-1.975060717648643,0.9150648947644316,3.265076274736859e-92,0.09880824471525433,N-G+
-3.9463463307100897,5.616309121670544,0.8857161687898784,0.09900959234090394,1.482195515309624e-20,N+G-
-3.221705478395005,-0.05299808454066997,0.9695735341397268,4.7229561157456795e-61,0.09885876046078527,N-G+
6.122719885452481,-1.4365400994450268,0.9700809950252828,0.09895162959826996,2.378595073719246e-23,N+G-
3.401678561387272,-3.749414301679556,0.7360575899484878,0.09895262599592516,8.118286338826149e-51,N+G-
-6.775120869671537,2.9855203748412835,0.9059097110787452,6.901323264569444e-45,0.09878549548507176,N-G+
1.0981357559592246,3.7578379997790714,0.8706391590086902,1.3114805590196589e-11,0.09887467122436518,N-G+
6.036205503297234,4.484991406051579,0.9470245995022264,5.780128931838631e-175,0.0988687379510628,N-G+
-2.62080248237989,-7.983722661223438,0.685538729929615,1.9562508249531555e-50,0.09883403417223384,N-G+
-0.8616030450289142,-4.915005870815969,0.9108178861272992,0.09885309451778784,1.118691913649827e-258,N+G-
5.470618680461612,6.342042959767907,0.9267932233855296,1.0379048862216027e-37,0.09885859544588843,N-G+
5.9059895983189845,3.4225465007848275,0.8118553751699982,0.0989384527638276,1.2110163427990317e-255,N+G-
-1.5462578620879444,0.039557664996553485,0.8304315109592739,0.09884499164798596,7.615055395577878e-229,N+G-
0.7021049289929375,0.38272479439288143,0.8702922175890713,0.09879242998118253,5.471715294838665e-208,N+G-
-2.620751978711603,2.007804609486341,0.9721161457730676,0.0988861851738536,9.52245e-318,N+G-
-3.7552866530703417,-4.68707976106602,0.9414445845835024,0.09900760642081448,6.642749144022174e-240,N+G-
2.706438671611236,8.15442602448865,0.9382487834811576,4.966712857199106e-29,0.09881953339247568,N-G+
5.236934775168864,-2.839598392612185,0.9290960173165356,0.0989407808527289,1.5435187676736643e-120,N+G-
7.938256520928789,1.755550957387782,0.9869190945002492,1.7140489026338663e-42,0.0989662905358712,N-G+
4.795984953844205,-7.145287361564628,0.8976133950681067,2.892268197088076e-138,0.09883476016821408,N-G+
-2.1636734610626847,-3.7819173195911984,0.8526053129750898,0.09878664717995883,5.5785484740278e-37,N+G-
-6.242042962149503,-0.32084665798649203,0.8072518057778078,5.936178890894347e-32,0.09880699484858188,N-G+
1.6833257707156526,-6.7067083307911375,0.8005892646558239,2.0241198944456397e-12,0.09874806995691644,N-G+
-4.822904856106057,-1.2825227193008693,0.9179716809943272,0.0990132889983754,4.837412882148899e-117,N+G-
-1.8451966367103017,5.788910792364787,0.8698911034423227,2.3829888079061735e-17,0.09881184164419504,N-G+
0.15757314382270668,-4.759648457260838,0.8355555996588275,9.832019583737952e-35,0.0989308842448718,N-G+
2.704950679661314,-0.21077480108525265,0.7309738221628597,1.2407753407959842e-37,0.09888219288630154,N-G+
5.493592646665578,-4.462410813452609,0.8468912403671964,1.2014291974996945e-27,0.09880522139800266,N-G+
-4.957191367029127,3.843604850670037,0.8513745249937833,0.0988854394366148,2.8495681772742355e-18,N+G-
1.4653859962929676,0.8229898956986614,0.8755186002001666,5.216961697243053e-13,0.09896720158080473,N-G+
-7.910106603636835,2.0901095195516826,0.8123832250702854,1.1484791146606323e-29,0.09882095356062462,N-G+
2.1422348574756613,5.165403409154181,0.8388407414361209,0.09889118823821097,2.8154236242044016e-66,N+G-
-7.530188481837303,-2.6625289807318757,0.8917245168437217,3.7684942146650674e-05,0.09869391498383448,N-G+
-1.1150769707679686,-5.854101765188643,0.8459489884300427,6.910589252519192e-50,0.098904247179342,N-G+
-2.3342054906877565,-1.3406347336473887,0.8793829027081931,7.399078965370858e-125,0.09888432877141637,N-G+
-2.902874819527012,7.518334600032606,0.9450306759392272,7.769087599709059e-29,0.09885479634612104,N-G+
7.03568933293072,-0.9430850577052056,0.8376219482084917,2.027785763762821e-120,0.0988705537279398,N-G+
-1.452801067337878,4.799869049401,0.9363183558310416,0.09896551675231133,6.33340473840625e-67,N+G-
1.3453830563668494,1.8650681352642708,0.9512942610803704,0.098925131404676,1.105914229421873e-227,N+G-
-4.84890162341696,-4.317773132438189,0.9551806536496648,9.35447799885123e-96,0.09888946207952508,N-G+
-2.3527614717560144,-0.4843297603497844,0.8198244384716344,0.09894619940625196,1e-323,N+G-
3.8013433069676137,-1.6547605831886796,0.7718379783169291,0.09895050422988097,1.90360920749316e-12,N+G-
-1.5233801885925344,2.085420106410528,0.9577608633012176,4.186968848083745e-68,0.09890905230242934,N-G+
3.783353205936949,2.854645992691028,0.916304939022808,1.4031690691037183e-159,0.09889266273837408,N-G+
-0.4308794768914185,-4.016396046203972,0.9584174740354078,0.09885207917477068,2.01797987479531e-209,N+G-
4.974439442610786,0.974378257916252,0.933402920715238,0.09875458463501828,9.363394773606118e-232,N+G-
1.1978855405017408,6.5397741423822975,0.8391050491389627,2.8192415619398887e-26,0.09882811759204273,N-G+
-0.7942147140988693,0.249614358383605,0.7665673691251275,0.09867402450179688,4.0965738360575633e-188,N+G-
-0.4081543887429481,7.959352784998969,0.7269017211447542,1.6042927457236558e-83,0.09879234769179288,N-G+
-5.044562285766851,-6.816960207010603,0.8978465103657953,2.030811362498578e-57,0.09879557725098703,N-G+
-3.8407262877121466,-2.649762569008131,0.928016305875286,0.09880311873340293,9.714320483737637e-213,N+G-
2.958987960808525,4.5658607368871245,0.9618362721241672,0.09902196550780497,3.626799029129211e-18,N+G-
7.2644621364721615,-3.1396118427374886,0.924583475381158,8.537417397937642e-10,0.09898604844641098,N-G+
3.5377156132482814,6.779468974484078,0.699757463972023,3.589765712055711e-13,0.09882887486154232,N-G+
-1.810793560491516,2.9932697115150786,0.9368426977662588,0.09894008189035372,1e-323,N+G-
3.65501927606744,1.924564237666554,0.7566743168772034,0.09864546016602846,3.0808765467724503e-206,N+G-
4.403101869644785,-4.743948269411545,0.9241215030814162,1.2800090479023555e-56,0.09873462761571666,N-G+
4.805752762409363,5.051419226391765,0.6800876797604882,1.3710586972413615e-152,0.09879080918924298,N-G+
-1.1250300364351034,-6.905433539985844,0.6991582768057585,0.098996233017841,4.52e-321,N+G-
1.8572083639082264,-5.789266628785887,0.9409403451349159,0.0989527804111421,5e-324,N+G-
-0.830681766056053,-8.13659125646369,0.9323470488148132,1.6911586063219983e-73,0.0988065928225296,N-G+
3.681407720922875,-5.562052574011104,0.9041450723210029,1.0118958697262223e-17,0.09875368581392828,N-G+
6.949394572388576,-4.1200079700467285,0.7094802088537147,0.09874918573157658,5.698168412842802e-30,N+G-
-1.5964014552505796,-1.8693766560336047,0.8527230446691797,0.09885157911484904,2.1965332923391138e-218,N+G-
-5.646040392094994,4.742538338517563,0.9475495651765884,3.068000670950988e-13,0.09881032270238076,N-G+
0.14668186821876,6.079120979808644,0.926438760230348,0.09896842786836356,2.2372477549639853e-34,N+G-
7.148961352835853,0.4952976729075656,0.9060267659744492,0.0990163978970253,4.179923972636173e-69,N+G-
-6.593386959061638,-2.211175696248143,0.8594434411212745,7.44806172443083e-05,0.09868810104393344,N-G+
2.960786926676111,2.4282666023744826,0.8714546076934282,0.09874411161487354,2.2851107288727737e-281,N+G-
-4.511694874007918,-6.044260099055557,0.7532760839430979,0.09900916717906327,3.9673778001031077e-112,N+G-
-0.04076767558759135,1.9276986330930344,0.7605805928218183,5.080397137469063e-20,0.0989093114559254,N-G+
1.087374460154772,-0.5959663768752268,0.8705340668290757,0.09878730320876183,2.3824079312629977e-28,N+G-
6.292822205730394,-0.3380975471892958,0.8574443331951968,7.443530321516092e-94,0.0988542061682908,N-G+
-8.393947635802482,1.1382281581050886,0.8344405911656726,2.538200501784108e-69,0.09885218712538517,N-G+
2.0208122320538915,-3.0025537999749683,0.8842823074074951,0.09902308820579556,1.2252289447914154e-66,N+G-
-6.429324970057413,-1.249408430030563,0.8682011534268006,1.6850501127345942e-05,0.09871173357271634,N-G+
-7.613664372487221,3.8566296032850915,0.7455945161696872,5.1947294219784585e-84,0.098824500156723,N-G+
-0.7287512436550624,-0.5189301040590221,0.8187082747017337,1.1421995260475947e-45,0.09895364906556954,N-G+
-3.9780369789469043,-1.6618023398898212,0.8556871320707988,0.0989121969813828,2.4306838316620424e-127,N+G-
6.8393206863875164,1.5456015053968606,0.8842170447899186,0.09868220120590372,6.438399634738499e-47,N+G-
-2.9887305033615603,5.551613433077071,0.8276587725620977,0.09897153384736088,1.5900025637644785e-34,N+G-
2.514532353051771,-1.4478378265572072,0.7736079257026707,0.09886214544573838,1.4727990502793859e-24,N+G-
-5.379277131901194,2.809461112486946,0.8898351192179255,0.0989270047920115,1.9919736471552657e-16,N+G-
5.5240485397277785,-5.422081004761139,0.8517156985362084,7.89455958778143e-34,0.09877843193927316,N-G+
-2.4210912485862957,-2.184775380066141,0.8094658849173193,7.05891568926986e-161,0.0989369963176686,N-G+
-3.0192258205008566,-5.5039754837849655,0.8662028826827248,7.376667884404427e-25,0.09883496628099696,N-G+
-4.645812802268273,0.8918882574694745,0.8471161030386084,0.09903202591161772,3.296886856686483e-165,N+G-
-5.724619438153662,-2.7706392643523454,0.8606077954948623,0.09901808222675272,1.9586408139288042e-109,N+G-
-3.588242143316532,2.4678710486322597,0.8851351627089277,0.09879065464989396,6.8296845547444e-311,N+G-
-3.4174067265307952,4.697644451091873,0.8489138807311312,2.6507124602000097e-10,0.0988979169920376,N-G+
-0.7456493423290255,1.6138263122782222,0.8649085859193246,0.0988856398813084,5.308303866887553e-270,N+G-
0.3116282773972737,5.096307786150311,0.8090199435644321,0.09872217020301942,1.4246469513699127e-38,N+G-
5.167778931937087,-0.9734480332565796,0.884825152351035,1.7542194123428607e-60,0.09883776060375214,N-G+
-6.400540374819532,1.190985687826687,0.8258105945432876,3.9190675878449827e-48,0.09882084228651908,N-G+
0.4902125441509831,-6.393179568257875,0.7809588266373821,3.6119115357794426e-37,0.09885069880287267,N-G+
-7.297211975135733,-3.702501496374495,0.8389802271051712,2.590336888182351e-42,0.09875163656515466,N-G+
-4.893832067486231,-0.12458850469942065,0.9695735341397268,4.496008589673923e-47,0.09884202455040014,N-G+
5.338824404871022,-1.953254668013512,0.7428666592695823,0.0988430245140164,3.691972723213135e-18,N+G-
0.34926706408932645,3.206348748034064,0.7801691607565306,0.09899602300981723,2.1202239068630834e-68,N+G-
4.964736510396727,1.9593439003392368,0.7076018170913436,0.09875751166032654,6.216870139528057e-249,N+G-
1.0790204122328666,-3.4181160117533484,0.7161476589984199,5.730133653558225e-16,0.09888763101914998,N-G+
-4.717496865893652,1.970512525924496,0.965851984282837,1.4808385730968445e-55,0.0989363547201104,N-G+
-6.816290142628994,-4.694691084092464,0.9640388097509628,1.2574801283601983e-73,0.0987802580443978,N-G+
1.8805229537002053,3.422709486193308,0.7836517539814887,6.261720517560607e-28,0.0988734843971926,N-G+
4.349391994066072,-2.977747661684917,0.7750306483412196,2.8573184220162794e-09,0.0988268639358712,N-G+
-1.6706587380853664,-7.5914571712504975,0.8168850018767483,4.960878630965296e-16,0.09883622593904832,N-G+
-1.7504587550268624,-4.871159331252562,0.7501373464292197,0.09890746196596464,1.3203153208347984e-219,N+G-
-1.92229603192779,1.155442740900302,0.9577608633012176,3.130667045009107e-76,0.09893778559008837,N-G+
-2.9683269272507986,1.005622780923688,0.956679026631451,0.09892675943227007,5e-324,N+G-
-1.1527473317565218,3.7573375491405647,0.9565278160029588,2.733345214361752e-56,0.09892838076929614,N-G+
-3.2022675181699047,-6.973051138605722,0.7413503600627571,3.070501154568448e-33,0.09880969848898777,N-G+
2.779143086839016,-5.1464707249255595,0.7911078556775614,0.09901637829902034,2.1276466186457917e-52,N+G-
-5.343706012731137,-5.818741663019859,0.7648037190913759,4.331606622678116e-74,0.09884826495541084,N-G+
-4.376447731755908,3.011777890983567,0.9509431246948706,0.09875730112427104,0.0,N+G-
8.381401578737522,0.539799593658309,0.950204359016937,5.704280411439792e-22,0.09890783721678212,N-G+
4.321235076750353,6.139544161432027,0.9501763666859754,0.0991494871810226,3.123160692841216e-06,N+G-
-6.349113708310447,5.484141257887617,0.7450831486228904,3.6229359153888415e-38,0.09882741317617444,N-G+
2.0573154289246327,1.303923363820165,0.6994854092419096,0.09864789157529157,1.758368806447115e-197,N+G-
0.3686177981821173,-0.37464333898089053,0.7359074193357716,0.09871075969958948,2.6277319420870948e-174,N+G-
4.436614884820298,0.04515428894971957,0.9483273132298176,0.09898431167306912,1.4997294926309583e-256,N+G-
4.754022762113089,3.1681020460564717,0.9470245995022264,1.7292712968232333e-173,0.09881847887464908,N-G+
5.71541803828001,-3.5714308105491663,0.6807780874070642,0.098872039138376,1.1694848514374833e-71,N+G-
5.191302577655736,4.038828619105411,0.7831667394345985,7.803523792205275e-63,0.09877785253100924,N-G+
6.46667627302682,5.5327498950733105,0.9455423662012604,3.455405210100351e-205,0.09888935368594087,N-G+
-1.6745695271743544,8.130236104757566,0.9451013377388008,2.1385809414763196e-82,0.0987987521661025,N-G+
-0.3933305724919462,-7.238446788258861,0.7341461405241486,0.0990375686784798,2.8196597823e-313,N+G-
1.5705347314614846,8.30284296936979,0.7465493210812375,1.007132438932535e-55,0.09882048746522236,N-G+
0.87814580405001,-5.5291167284301865,0.9409403451349159,0.09902807527091513,2.368028035059105e-305,N+G-
-4.6177722707590005,7.027082295471293,0.9450306759392272,6.549757168458733e-59,0.0988838548312088,N-G+
-4.019796531215851,-3.6238027360054748,0.9414445845835024,0.09879076213475567,4.052304276183013e-217,N+G-
3.0557403928820728,-2.94097807658026,0.9406398119659152,4.327749337934082e-08,0.09883523782215947,N-G+
1.8733410363195644,7.3055298355597635,0.9382487834811576,7.022833127349329e-07,0.0987744058472446,N-G+
-2.8242928887354197,3.038676259469933,0.9368426977662588,0.0987336119043031,1e-323,N+G-
3.0661480784624384,-7.905073632923883,0.9348402660996092,3.747121038528702e-55,0.09882573483638413,N-G+
-4.4835207850297385,4.730075157926438,0.9338716495311246,1.2981910650554092e-18,0.09885802124780953,N-G+
0.046378899511879686,-8.90344305083128,0.9323470488148132,7.163220885281401e-110,0.09891159274784614,N-G+
-2.200124516615144,3.955065721878945,0.9363183558310416,0.09883444492900917,6.069441970651945e-57,N+G-
5.806950593116047,1.6647743801839128,0.933402920715238,0.09853311896949896,3.6373610562993595e-211,N+G-
3.121353348941124,5.824418659855341,0.932492055732294,0.09906213720131096,3.59050453095215e-49,N+G-
6.268331013235447,-2.5857211470938406,0.9290960173165356,0.0988449520281599,9.066487309334985e-90,N+G-
1.1710522429520451,5.587224638170162,0.926438760230348,0.09885710148080344,5.263182263965639e-17,N+G-
-2.8945649417767503,-3.0028806072777336,0.928016305875286,0.09884801556760488,1.3200356357779038e-205,N+G-
4.4852783224746045,7.3285179845129855,0.9267932233855296,1.563459471774206e-48,0.0988854902880973,N-G+
-4.781469755627708,-2.345169464178729,0.9179716809943272,0.09888042852459553,5.6739019375826546e-86,N+G-
4.648857887189414,-5.98337272953529,0.9241215030814162,9.91129472286672e-44,0.09871361057415223,N-G+
7.233180802848193,-1.969505213195503,0.924583475381158,0.09890984690546613,1.2699670697901367e-24,N+G-
1.6939763319329182,-7.833924834755753,0.9218103147565866,4.3217646866243684e-54,0.09876137036524753,N-G+
-8.322409329652837,-0.7594602083292218,0.9150648947644316,6.510490587424468e-76,0.09880325822919173,N-G+
-1.8793053202504413,-2.8471828006426647,0.9160257540150294,0.09874126890065857,1.9610844698097204e-167,N+G-
2.784560023702638,3.4262450603359853,0.9094580221034952,0.09902237030039047,1.5e-323,N+G-
3.722167239817721,3.8285644684856623,0.916304939022808,3.146549415421133e-132,0.09881035617346016,N-G+
-6.680895763337951,4.123623466138504,0.9059097110787452,1.3660487840299743e-49,0.09877821403607254,N-G+
-0.15071520910262926,-5.638707607147947,0.9108178861272992,0.09895185321586407,1.1282879333768216e-272,N+G-
2.5212221431757893,0.5939305150312253,0.9107874786593751,0.0988095956329197,3.112987960299171e-241,N+G-
6.100042696864648,0.683684329572855,0.9060267659744492,0.09881782907421977,1.496697975164348e-48,N+G-
2.816169627613331,-6.127838971640112,0.9041450723210029,1.326728760185856e-20,0.0987610816094067,N-G+
-0.8958433284240672,-2.4606459768442805,0.900458142484982,0.0988133203398641,1.5832018641366494e-190,N+G-
1.4707942235503737,-2.149222926576604,0.8924904861695501,0.09887459884143993,1.3214284640048231e-48,N+G-
-6.046200794357669,2.1360418770471674,0.8898351192179255,0.09905034091934843,1.2785206262024207e-28,N+G-
4.213410391746092,-0.9272242824430708,0.884825152351035,1.1205721457187934e-59,0.09884219217752048,N-G+
-3.629751857133777,6.584500734747907,0.8857161687898784,0.09888099785680916,9.052966775218627e-18,N+G-
5.7789947662359475,-6.4581951081001625,0.8976133950681067,5.734880379088997e-133,0.0988273726295598,N-G+
-3.7882724289572782,1.573895173080318,0.8851351627089277,0.0988994136413308,2e-323,N+G-
-4.179870113165102,-7.4701724977182415,0.8978465103657953,6.282054546186929e-69,0.09881936263184583,N-G+
-7.461569200455037,-1.5847596166180924,0.8917245168437217,0.07083230776027774,0.02819092456352237,N+G-
6.557379247306267,2.5801491792464377,0.8842170447899186,0.0985238520543,2.8957779912622656e-49,N+G-
1.6759556468001782,-3.8762672418276964,0.8842823074074951,0.09884661295833196,1.219675268093784e-55,N+G-
-3.2011016517186013,-1.0698852872940958,0.8793829027081931,3.462409527276485e-125,0.0988625609102444,N-G+
1.960437161754484,-4.808130586007068,0.8841739296882447,0.0988747772529723,3.2359461236474e-311,N+G-
0.4988499651405814,-2.3422447998307567,0.8771669924809034,2.1010711057618484e-27,0.09891890331488144,N-G+
0.577346168977531,1.342040757928774,0.8702922175890713,0.0988830328781522,9.557293396064256e-216,N+G-
1.767210790239896,-0.0465773192455092,0.8755186002001666,0.08282011543359026,0.01605466204062044,N+G-
-5.717944402494005,0.4417694130065942,0.8691344774664768,0.09910376354683643,5.435547201614815e-180,N+G-
-0.18675598245179245,0.8942927813729797,0.8649085859193246,0.09878911346437357,1.576217465404842e-236,N+G-
-0.9873296056543076,6.3359875924776725,0.8698911034423227,9.5207319189503e-22,0.0988790530315274,N-G+
1.157438794378989,2.846025983862081,0.8706391590086902,1.3460671200369057e-08,0.09886822460103316,N-G+
0.7225526271964262,-1.4545888030714338,0.8705340668290757,0.09890192900600593,3.0307343274525127e-43,N+G-
-2.5826203956634144,-4.6798534875225615,0.8662028826827248,2.220143663998333e-42,0.0988879448443914,N-G+
3.03432681551265,1.3874433622413507,0.8714546076934282,0.09856182144492616,6.756792071668195e-264,N+G-
-7.202119263089865,-0.5930588544182431,0.8682011534268006,2.639925629431089e-09,0.09874965112588052,N-G+
-0.4677008511437878,4.524433415692199,0.8580501754060451,0.09876931794108768,1.505719119685825e-35,N+G-
-4.986566549161767,-3.325906658446632,0.8606077954948623,0.09887449836428257,1.3378436878143179e-92,N+G-
-6.262974695914894,-5.7749251498510965,0.8496702758357622,9.182795278463851e-78,0.09879400680909993,N-G+
5.397094051533606,-0.012186077909454071,0.8574443331951968,4.818423493062572e-105,0.0989071558430136,N-G+
-5.64869470679636,-1.8170332223931247,0.8594434411212745,8.966393690882395e-22,0.09881641010445276,N-G+
-4.046402938604083,-0.6859265538046799,0.8556871320707988,0.09902846255387074,1.2344574699025034e-141,N+G-
6.429761696776162,-4.866890578543495,0.8517156985362084,5.794281414814706e-54,0.09886057779257068,N-G+
-2.435931256159734,4.879306768853136,0.8489138807311312,2.2461256126610665e-10,0.0988866170023618,N-G+
-5.867282571262595,3.613798295761136,0.8513745249937833,0.0989997453996165,6.651530758583813e-30,N+G-
-3.1016067088961266,-3.924056920643696,0.8526053129750898,0.09877124014953363,1.4548116485902046e-37,N+G-
4.8695033956266265,-3.792478611198277,0.8468912403671964,1.6353273424811233e-33,0.09882521537591504,N-G+
-5.481085734772153,1.3453841292999915,0.8471161030386084,0.09896214077746576,3.5550385526772434e-162,N+G-
-2.0430045911114623,-5.632840175081522,0.8459489884300427,4.92257900715369e-40,0.09885681459508172,N-G+
-0.890435464853915,-1.3668767027382147,0.8527230446691797,0.09889004359865547,4.194557719122826e-220,N+G-
-6.544894374316471,-3.1880090854432623,0.8389802271051712,9.57515682916643e-51,0.09881108950877457,N-G+
1.2819869046416057,4.647779551561076,0.8388407414361209,0.09885688371034766,1.9374687521185445e-67,N+G-
-5.893680392151555,-3.8989663899062186,0.8421298178878858,0.09909826947264973,2.1984296643138937e-127,N+G-
0.4692380750088668,-3.8084901135880362,0.8355555996588275,8.845905998000028e-29,0.0989131066759746,N-G+
7.553799143076443,2.9061015968693784,0.8436927099806444,0.09856892788081023,7.457903548166624e-82,N+G-
3.2023112814603736,-1.0428801972470474,0.8372516959637655,1.67616605833968e-52,0.0988311628606562,N-G+
7.745153841364377,-0.3454390231825584,0.8376219482084917,2.2149635444320844e-122,0.09890935636283693,N-G+
-2.3170899414972808,0.33130585458114664,0.8198244384716344,0.0988673255212744,1e-323,N+G-
-7.841927268237216,0.2265887670269195,0.8344405911656726,2.062315034470391e-66,0.09877994610866377,N-G+
-7.398635562351263,1.1493403635231736,0.8258105945432876,2.2578778781264445e-39,0.09875499589760343,N-G+
-8.042159398860854,-4.3270600337748935,0.8242817596923541,9.954089512528388e-83,0.0988506863549275,N-G+
0.4799016894943803,7.058567907554954,0.8391050491389627,4.7805081809435716e-30,0.09884988185865888,N-G+
-1.9566701248895868,-8.551260985071536,0.8168850018767483,1.0364619362963927e-21,0.09886240032882948,N-G+
-2.7119451378435837,6.3434021187734135,0.8276587725620977,0.09894264505637193,1.4102102840546375e-35,N+G-
5.539890258664927,2.5928788659382493,0.8118553751699982,0.09871728707405147,8.144906151144026e-244,N+G-
-1.5622438950652464,-0.8413129008673226,0.8304315109592739,0.09888485515304107,1.1094807464549376e-231,N+G-
-3.9626728357992262,3.846787928905016,0.7993728073040158,0.09885784118256401,0.0,N+G-
-6.980763913667108,1.980955913313388,0.8123832250702854,8.168542522391377e-29,0.09875347071292254,N-G+
-0.03308869506216977,-0.9903065884216544,0.8187082747017337,2.138545732894781e-42,0.0989295274269056,N-G+
0.38810261603302265,4.235908703022942,0.8090199435644321,0.0987768987167354,6.156420786511188e-41,N+G-
-3.1771156893879438,-1.9865783990592056,0.8094658849173193,5.125587171971904e-154,0.09888520656708748,N-G+
-5.578173920525596,-0.8020554185449534,0.8072518057778078,9.045743550105653e-32,0.09878680575555823,N-G+
2.5225741655780136,-7.0428654317740165,0.8005892646558239,3.692521578950911e-07,0.09874348249497984,N-G+
3.417904879471838,-4.5753842992099525,0.7911078556775614,0.09902867270231036,1.118147942272622e-53,N+G-
4.4468210437870885,4.316078008634123,0.7831667394345985,5.521085534750053e-59,0.09878500550941427,N-G+
2.0601484144533493,4.203388202969551,0.7836517539814887,5.580291038204045e-29,0.09888781350562724,N-G+
-2.3467684230284527,-7.084485614369768,0.7816491517194365,0.09899137983479864,5.622897316878239e-07,N+G-
-1.1157266107603891,0.8852589595128822,0.7665673691251275,0.09879374738175276,1.6565066932247848e-191,N+G-
-0.2553092919253326,3.65879826146586,0.7801691607565306,0.09883538022909036,4.810361646603022e-63,N+G-
3.847471413133385,-2.430883194324434,0.7750306483412196,1.5297536045096243e-11,0.09887895936832446,N-G+
0.9328104446141844,-7.068570350273478,0.7809588266373821,3.919706779935353e-30,0.09880473430714608,N-G+
3.102133562318381,-2.0052287311450487,0.7718379783169291,0.09896134900593148,7.864073426459494e-14,N+G-
-4.6835328309559765,-5.225923605154148,0.7648037190913759,2.219825774406466e-75,0.09887506777314528,N-G+
4.166676487085882,1.3561617666284111,0.7566743168772034,0.09867606204865646,2.831840629774923e-204,N+G-
2.3319395501573332,-2.1970261983329724,0.7736079257026707,0.09883757213187258,4.3747474796759935e-23,N+G-
0.9152456789420256,7.755521724331222,0.7465493210812375,6.069777847044713e-51,0.09874891612783633,N-G+
-7.147275063768437,4.945673342673765,0.7450831486228904,4.266366130254316e-36,0.09887470115398468,N-G+
-1.4343377497567338,-4.195007192072991,0.7501373464292197,0.0985830570419959,3.5298333224773595e-210,N+G-
0.465677451160573,2.4129360475313235,0.7605805928218183,4.825703205112219e-17,0.09886029698774693,N-G+
-0.3784773151858157,-6.4780222888180665,0.7341461405241486,0.09892539083038113,7.2660663247e-314,N+G-
-3.7969290029405536,-6.4495730079988824,0.7413503600627571,5.107440144701163e-30,0.09878363746670607,N-G+
-0.3246464574167588,6.987541750920805,0.7630916502451877,0.0989499803079227,9.241869131139366e-69,N+G-
-0.11405492728857194,0.08059652824362004,0.7359074193357716,0.0987983261435893,6.859206200059408e-176,N+G-
0.33066932222563755,8.380555646560504,0.7269017211447542,7.367318270828568e-86,0.09885590629536968,N-G+
4.069393486166739,-3.7167668548156065,0.7360575899484878,0.09899788259144228,1.2335340571530106e-55,N+G-
-3.8538346753331503,-5.600533078705256,0.7532760839430979,0.09897804369757952,2.9249326647647927e-111,N+G-
4.574567024799934,-1.8879651880179773,0.7428666592695823,0.09904457055922417,1.5016556659431142e-23,N+G-
-7.888392110974835,3.014817035382478,0.7455945161696872,2.4846052648642946e-85,0.09881499467491303,N-G+
7.7422721031428265,-4.1855297395591835,0.7094802088537147,0.09874918573123344,1.8203590117122115e-29,N+G-
2.2660995334186382,-0.7279537626678476,0.7309738221628597,1.3239940202210462e-38,0.09890672370573647,N-G+
-1.7240502646509333,-6.456771228367625,0.6991582768057585,0.0989976440381726,6.97e-321,N+G-
1.07292190414709,-2.8165619909336272,0.7161476589984199,3.277850723201579e-15,0.0989018472239837,N-G+
2.80685975924299,7.0422729550921925,0.699757463972023,2.928733850507251e-13,0.0988380074351041,N-G+
2.3867719801460736,1.8405592041642256,0.6994854092419096,0.09856589476112178,1.6528808291938307e-196,N+G-
4.3479106857206915,2.1962566526317584,0.7076018170913436,0.09881778511146193,2.032106918083757e-249,N+G-
-3.8064341575862213,0.7619911875125435,0.7011242658582418,2.055740402233077e-31,0.09889868568702154,N-G+
-2.1629551189807223,6.813990956434281,0.6820188288964453,4.987477959108077e-65,0.09881987243865592,N-G+
6.357180114567308,-3.714064555737501,0.6807780874070642,0.09892246013157162,6.226614479464561e-72,N+G-
5.440219885787601,5.332261281252362,0.6800876797604882,2.0216989953756965e-152,0.09877279270784392,N-G+
-3.3421293260597817,-7.81128284932762,0.685538729929615,8.727854928083086e-51,0.09886947716588634,N-G+
